id;hector;hector_mr;are;aremr;no_of_tree;no_of_tree_mr;sanction_amt;sanction_amt_mr;loan_amt;loan_amt_mr;receivable_amt;receivable_amt_mr;due_amt;due_amt_mr;due_date;due_date_mr;spare
1;45600;24/365;66752;solution;5462;convergence synergies pixel;64316;niches Ball;34270;Inverse;36719;International;76136;Tasty magnetic Usability;2024-01-08T13:12:09;online Investment bypass;Pizza
2;60660;Internal;591;Awesome;91994;CSS;30389;Berkshire;70346;Salad;43362;synergize Orchestrator;20998;Sterling secondary SQL;2024-01-07T21:12:32;didactic Interactions;Avon Operative Handcrafted
3;94947;Refined;54228;Sleek architectures payment;50750;yellow;22136;synthesizing;19082;generating;47941;back-end Chair;43406;Buckinghamshire;2024-01-08T06:49:49;application District;Bedfordshire Small
4;72405;Operative;51273;multi-byte Shoes boliviano;55541;Engineer bus Spur;83972;Monitored;42147;JBOD withdrawal mobile;73012;generation Intelligent;28121;Overpass AI Account;2024-01-08T06:29:58;Garden;Towels e-services International
5;69832;Salad;6670;seamless Chicken navigating;73756;Georgia Portugal;52813;Buckinghamshire 1080p Quality;4379;generating Down-sized bleeding-edge;84542;Computers;80828;Account Designer JBOD;2024-01-08T03:02:02;granular Mouse;intermediate
6;74677;Guarani Senior;86412;Communications;68059;Front-line Leone;54184;turn-key;44708;Soft Berkshire backing;60901;Awesome;23940;Principal Account niches;2024-01-07T18:32:54;navigate implement;cross-platform users Florida
7;85833;bluetooth Compatible National;9216;Union;68366;strategic;54966;networks Beauty;42915;Island Unbranded Dynamic;86898;Corporate bypass;42611;Configuration Guarani;2024-01-07T20:07:20;teal Customizable Djibouti;infomediaries orange Consultant
8;43239;withdrawal Hat SQL;48097;virtual matrices 1080p;72287;Global digital impactful;31317;Fresh;30639;Dollar Luxembourg;21844;Credit Chair;59251;Implementation client-server Sports;2024-01-07T22:58:33;Chips Operations transmit;Ohio
9;28339;Executive Chair portals;70337;mobile Cambridgeshire;95719;web-readiness hack;98699;Soft Borders;37351;Sleek Argentina Berkshire;73024;Nauru evolve;1875;leverage Iowa;2024-01-08T17:18:04;Man;Wisconsin synthesize
10;23188;black Granite bus;79127;supply-chains South;40117;feed synthesizing;4591;dedicated;6160;Nepal Self-enabling grey;55668;Markets Rubber contextually-based;48677;Principal Granite;2024-01-08T16:27:33;Hat Avon mobile;Account Shoes
