id;taluka_code;taluka_name;district_code
1;deposit Steel Netherlands;parse;Tasty e-business sensor
2;and discrete;facilitate Sleek;Paraguay monitor
3;Skyway Wooden online;Beauty;tolerance Garden
4;Implemented Markets Engineer;Planner Vision-oriented Fantastic;Track Intelligent
5;Money hack black;SQL;local Fresh
6;payment European aggregate;bus;Reverse-engineered navigate
7;envisioneer Brand lime;yellow Tasty;alarm Berkshire Chair
8;infomediaries Bedfordshire;Cloned Algeria;Ruble program
9;Re-engineered distributed Industrial;Clothing;red Kansas
10;toolset Cambridgeshire Right-sized;Rupee Human;open-source
